{"cameraMode":{"drawMode":0,"name":"Shaded","section":"Shading Mode"},"sceneLighting":true,"audioPlay":false,"sceneViewState":{"m_AlwaysRefresh":false,"showFog":true,"showSkybox":true,"showFlares":true,"showImageEffects":true,"showParticleSystems":true,"showVisualEffectGraphs":true,"m_FxEnabled":true},"in2DMode":false,"pivot":{"x":12.35140323638916,"y":21.266998291015626,"z":15.437691688537598},"rotation":{"x":0.12596233189105988,"y":-0.017221808433532716,"z":0.0023154625669121744,"w":0.9919484853744507},"size":12.12435531616211,"orthographic":false}