{"cameraMode":{"drawMode":0,"name":"Shaded","section":"Shading Mode"},"sceneLighting":true,"audioPlay":false,"sceneViewState":{"showFog":true,"showMaterialUpdate":false,"showSkybox":true,"showFlares":true,"showImageEffects":true,"showParticleSystems":true},"in2DMode":false,"pivot":{"x":-1.5234779119491578,"y":0.536191463470459,"z":-6.948004722595215},"rotation":{"x":-0.02889438532292843,"y":0.9692843556404114,"z":-0.13988140225410462,"w":-0.20021528005599976},"size":24.31172752380371,"orthographic":false}